Year,Indices
2002,71.19958333333334
2003,73.25275
2004,75.47908333333334
2005,78.05633333333334
2006,80.806
2007,83.083
2008,86.44816666666667
2009,86.21300000000001
2010,87.77183333333333
2011,90.56958333333334
2012,92.71741666666667
2013,94.04441666666666
2014,93.88133333333333
2015,93.41158333333334
2016,93.25308333333334
2017,95.11858333333333
2018,96.67383333333333
2019,97.54633333333334
2020,97.01774999999999
2021,100.10058333333332
2022,108.39066666666668
2023,111.4102857142857
