Year,Indices (%)
2002,11.45
2003,11.485
2004,11.1675
2005,9.1525
2006,8.7
2007,8.254999999999999
2008,11.245
2009,17.855
2010,19.8575
2011,21.57
2012,24.7875
2013,26.23
2014,24.4425
2015,22.0575
2016,19.634999999999998
2017,17.225
